{"func_list": ["run_gpt_prompt_action_sector", "run_gpt_prompt_action_arena", "run_gpt_prompt_action_game_object", "run_gpt_prompt_pronunciatio", "run_gpt_prompt_event_triple", "run_gpt_prompt_act_obj_desc", "run_gpt_prompt_event_poignancy", "run_gpt_prompt_insight_and_guidance", "run_gpt_prompt_decide_to_talk", "run_gpt_prompt_decide_to_react", "run_gpt_prompt_new_decomp_schedule", "run_gpt_prompt_task_decomp", "run_gpt_prompt_agent_chat_summarize_relationship", "run_gpt_prompt_summarize_conversation", "run_gpt_prompt_chat_poignancy", "run_gpt_prompt_planning_thought_on_convo"], "sum_time_list": [204.68100000000004, 101.14100000000005, 163.40000000000012, 309.95600000000013, 494.2389999999999, 166.788, 1130.3610000000003, 392.234, 189.973, 230.778, 1265.637, 464.1629999999999, 140.37200000000004, 25.376999999999995, 27.938999999999997, 49.204], "count_list": [160, 160, 157, 320, 459, 160, 948, 15, 56, 13, 42, 15, 22, 17, 37, 34], "avenage_time_list": [1.2792562500000002, 0.6321312500000003, 1.0407643312101917, 0.9686125000000004, 1.0767734204793027, 1.0424250000000002, 1.1923639240506332, 26.148933333333332, 3.3923750000000004, 17.752153846153846, 30.134214285714286, 30.94419999999999, 6.380545454545456, 1.4927647058823528, 0.755108108108108, 1.4471764705882353]}