{"func_list": ["run_gpt_prompt_event_poignancy", "run_gpt_prompt_task_decomp", "run_gpt_prompt_action_sector", "run_gpt_prompt_action_arena", "run_gpt_prompt_action_game_object", "run_gpt_prompt_pronunciatio", "run_gpt_prompt_event_triple", "run_gpt_prompt_act_obj_desc"], "sum_time_list": [17.535999999999998, 39.737, 5.611, 3.127, 4.81, 9.275, 7.8629999999999995, 6.26], "count_list": [20, 2, 5, 5, 5, 10, 10, 5], "avenage_time_list": [0.8767999999999999, 19.8685, 1.1221999999999999, 0.6254, 0.962, 0.9275, 0.7863, 1.252]}{"func_list": ["run_gpt_prompt_event_poignancy", "run_gpt_prompt_task_decomp", "run_gpt_prompt_action_sector", "run_gpt_prompt_action_arena", "run_gpt_prompt_action_game_object", "run_gpt_prompt_pronunciatio", "run_gpt_prompt_event_triple", "run_gpt_prompt_act_obj_desc"], "sum_time_list": [2.6550000000000002, 41.278, 2.4480000000000004, 1.467, 1.043, 3.471, 2.714, 2.363], "count_list": [3, 2, 2, 2, 2, 4, 4, 2], "avenage_time_list": [0.8850000000000001, 20.639, 1.2240000000000002, 0.7335, 0.5215, 0.86775, 0.6785, 1.1815]}