{"func_list": ["run_gpt_prompt_wake_up_hour", "run_gpt_prompt_daily_plan", "run_gpt_prompt_generate_hourly_schedule", "run_gpt_prompt_task_decomp", "run_gpt_prompt_action_sector", "run_gpt_prompt_action_arena", "run_gpt_prompt_action_game_object", "run_gpt_prompt_pronunciatio", "run_gpt_prompt_event_triple", "run_gpt_prompt_act_obj_desc", "run_gpt_prompt_event_poignancy", "run_gpt_prompt_insight_and_guidance", "run_gpt_prompt_decide_to_talk", "run_gpt_prompt_agent_chat_summarize_relationship", "run_gpt_prompt_summarize_conversation", "run_gpt_prompt_new_decomp_schedule", "run_gpt_prompt_chat_poignancy", "run_gpt_prompt_planning_thought_on_convo"], "sum_time_list": [399.437, 36.525999999999996, 64.62299999999998, 517.158, 132.20000000000013, 73.181, 119.327, 221.05499999999995, 235.8129999999999, 123.901, 291.01, 291.548, 2.2190000000000003, 17.317999999999998, 4.878, 337.219, 6.0489999999999995, 11.729000000000001], "count_list": [3, 3, 50, 20, 133, 133, 133, 266, 324, 133, 382, 10, 6, 6, 4, 8, 8, 8], "avenage_time_list": [133.14566666666667, 12.175333333333333, 1.2924599999999995, 25.8579, 0.993984962406016, 0.5502330827067669, 0.8971954887218045, 0.831033834586466, 0.7278179012345676, 0.9315864661654135, 0.761806282722513, 29.1548, 0.3698333333333334, 2.886333333333333, 1.2195, 42.152375, 0.7561249999999999, 1.4661250000000001]}