{"func_list": [], "sum_time_list": [], "count_list": [], "avenage_time_list": []}{"func_list": ["run_gpt_prompt_action_sector", "run_gpt_prompt_action_arena", "run_gpt_prompt_action_game_object", "run_gpt_prompt_pronunciatio", "run_gpt_prompt_event_triple", "run_gpt_prompt_act_obj_desc"], "sum_time_list": [10.446, 2.092, 1.713, 11.71, 4.009, 2.68], "count_list": [1, 1, 1, 2, 2, 1], "avenage_time_list": [10.446, 2.092, 1.713, 5.855, 2.0045, 2.68]}{"func_list": ["run_gpt_prompt_action_sector", "run_gpt_prompt_action_arena", "run_gpt_prompt_action_game_object", "run_gpt_prompt_pronunciatio", "run_gpt_prompt_event_triple", "run_gpt_prompt_act_obj_desc", "run_gpt_prompt_event_poignancy", "run_gpt_prompt_insight_and_guidance", "run_gpt_prompt_task_decomp", "run_gpt_prompt_decide_to_talk", "run_gpt_prompt_agent_chat_summarize_relationship", "run_gpt_prompt_summarize_conversation", "run_gpt_prompt_new_decomp_schedule", "run_gpt_prompt_chat_poignancy", "run_gpt_prompt_planning_thought_on_convo", "run_gpt_prompt_decide_to_react", "run_gpt_prompt_wake_up_hour", "run_gpt_prompt_generate_hourly_schedule"], "sum_time_list": [737.199, 409.92399999999947, 799.2119999999995, 1744.5979999999975, 1450.9440000000013, 740.8369999999994, 1833.7389999999966, 2286.303000000001, 3098.396000000001, 50.742, 122.56700000000002, 28.895000000000007, 1298.12, 22.192, 44.893, 222.375, 3.723, 73.61000000000001], "count_list": [375, 375, 375, 750, 922, 375, 1064, 32, 50, 31, 14, 8, 17, 14, 14, 5, 3, 50], "avenage_time_list": [1.9658639999999998, 1.0931306666666651, 2.131231999999999, 2.3261306666666632, 1.5736919739696327, 1.9755653333333318, 1.723438909774433, 71.44696875000002, 61.96792000000002, 1.6368387096774193, 8.754785714285715, 3.611875000000001, 76.36, 1.5851428571428572, 3.206642857142857, 44.475, 1.2409999999999999, 1.4722000000000002]}