{"func_list": ["run_gpt_prompt_event_poignancy", "run_gpt_prompt_task_decomp", "run_gpt_prompt_action_sector", "run_gpt_prompt_action_arena", "run_gpt_prompt_action_game_object", "run_gpt_prompt_pronunciatio", "run_gpt_prompt_event_triple", "run_gpt_prompt_act_obj_desc"], "sum_time_list": [4.652, 17.068, 1.83, 1.114, 0.69, 2.721, 3.436, 2.726], "count_list": [6, 1, 2, 2, 2, 4, 4, 2], "avenage_time_list": [0.7753333333333333, 17.068, 0.915, 0.557, 0.345, 0.68025, 0.859, 1.363]}{"func_list": ["run_gpt_prompt_event_poignancy", "run_gpt_prompt_task_decomp", "run_gpt_prompt_action_sector", "run_gpt_prompt_action_arena", "run_gpt_prompt_action_game_object", "run_gpt_prompt_pronunciatio", "run_gpt_prompt_event_triple", "run_gpt_prompt_act_obj_desc", "run_gpt_prompt_insight_and_guidance", "run_gpt_prompt_decide_to_talk", "run_gpt_prompt_agent_chat_summarize_relationship", "run_gpt_prompt_summarize_conversation", "run_gpt_prompt_new_decomp_schedule", "run_gpt_prompt_chat_poignancy", "run_gpt_prompt_planning_thought_on_convo"], "sum_time_list": [47.845, 42.129000000000005, 18.407, 13.526, 16.886, 27.585, 52.501000000000005, 21.519999999999996, 58.238, 7.126, 21.488, 1.322, 48.632000000000005, 1.568, 2.896], "count_list": [61, 2, 18, 18, 18, 36, 55, 18, 3, 4, 2, 1, 2, 2, 2], "avenage_time_list": [0.7843442622950819, 21.064500000000002, 1.0226111111111111, 0.7514444444444445, 0.9381111111111111, 0.76625, 0.9545636363636365, 1.1955555555555553, 19.412666666666667, 1.7815, 10.744, 1.322, 24.316000000000003, 0.784, 1.448]}