{"func_list": ["run_gpt_prompt_event_poignancy", "run_gpt_prompt_action_sector", "run_gpt_prompt_action_arena", "run_gpt_prompt_action_game_object", "run_gpt_prompt_pronunciatio", "run_gpt_prompt_event_triple", "run_gpt_prompt_act_obj_desc", "run_gpt_prompt_task_decomp", "run_gpt_prompt_decide_to_talk", "run_gpt_prompt_agent_chat_summarize_relationship", "run_gpt_prompt_summarize_conversation", "run_gpt_prompt_new_decomp_schedule", "run_gpt_prompt_chat_poignancy", "run_gpt_prompt_insight_and_guidance", "run_gpt_prompt_planning_thought_on_convo", "run_gpt_prompt_decide_to_react"], "sum_time_list": [83.57200000000006, 34.76899999999999, 18.997000000000003, 37.94900000000001, 54.651000000000025, 84.29399999999997, 32.576, 95.519, 0.754, 34.336, 1.588, 107.035, 1.5230000000000001, 59.898, 4.4719999999999995, 19.505], "count_list": [110, 35, 35, 35, 70, 94, 35, 4, 2, 4, 1, 3, 2, 4, 2, 1], "avenage_time_list": [0.7597454545454551, 0.9933999999999997, 0.5427714285714287, 1.0842571428571433, 0.7807285714285718, 0.8967446808510635, 0.9307428571428572, 23.87975, 0.377, 8.584, 1.588, 35.678333333333335, 0.7615000000000001, 14.9745, 2.2359999999999998, 19.505]}